ImageNumber,Nucleus,Centriole1,Centriole2,Cilia,Nuc_Cent1,Nuc_Cent2,Nuc_Cil,Cent1_Cil,Cent2_Cil,Cent1_Cent2
1,9,2,,3,2.792039400103321,,288.7341226858579,291.09318924729206,,
1,15,6,,12,0.23930284054219284,,4.863311998749475,4.637414717691003,,
1,19,8,,11,9.790196468522458,,118.89314060549698,126.34982516520387,,
1,20,7,,6,1.5876657830303142,,268.90618505215593,270.2881527793621,,
1,25,11,,,1.5174551700266874,,,,,
1,26,12,10,,5.825303993482871,10.306062127965875,,,,15.327189576039054
1,27,13,,2,4.510181585363942,,334.1338533848427,338.2011257096284,,
1,28,14,,,1.6955736314689676,,,,,
1,29,15,,,0.6005440905604135,,,,,
1,30,18,16,16,4.133591148626338,4.402075948576806,10.41760612158425,14.51137484871782,10.337678816145594,7.105462919879678
1,32,19,,,2.2463196594205757,,,,,
1,34,21,,15,3.039500138547764,,44.558491590343394,47.591659451869425,,
1,35,22,23,,3.022974203236581,9.332992917931305,,,,8.908485343261832
1,37,25,24,17,4.436104448424422,7.000975207517541,33.08341657677991,37.51778981570749,32.701594655029346,8.76381966652628
1,38,26,,,3.3204907032861963,,,,,
1,39,27,,,1.1119900092612132,,,,,
1,41,30,,18,4.566578664965537,,108.97510188153899,105.55089476327635,,
1,42,31,,,3.886026727864695,,,,,
1,44,29,,,3.7663814202453723,,,,,
1,46,34,33,,5.4240537728169596,7.44839435465499,,,,9.525461365334792
1,48,35,,,3.9523688842450784,,,,,
1,50,37,,,0.8417348972361477,,,,,
1,51,36,,,0.46897463684102403,,,,,
1,53,38,,,4.981520609875569,,,,,
1,55,39,,,1.1378392960224748,,,,,
1,56,40,43,,5.765317110046222,6.375103250990775,,,,10.670933496394948
1,58,44,,19,2.519706462530725,,42.73619063735908,42.605467655443434,,
1,60,46,,,10.231353095754855,,,,,
1,65,51,,,10.272980269059524,,,,,
1,69,52,,,3.2111811917814927,,,,,
1,70,53,,,1.1927120922002898,,,,,
1,71,54,,,5.12423414034413,,,,,
1,73,55,,,2.112600098287161,,,,,
1,78,57,,,0.7749128726704927,,,,,
1,80,58,,22,1.8673120369145397,,71.03343753217247,71.41465086436762,,
1,83,59,,,0.872151056929917,,,,,
1,84,60,,,5.329476811984535,,,,,
1,85,61,63,,5.714900657476939,6.542390389897072,,,,11.450507630668598
1,86,62,,26,3.9617156092216526,,19.64484520115107,21.515390904854474,,
1,88,67,,,0.6382068364104503,,,,,
1,89,68,69,28,2.157137902493177,10.138700539772318,50.22953530815756,48.96524436484866,40.604329060600655,8.50785620751805
1,90,70,,27,1.0365468240685116,,77.32171986512894,76.51382180812794,,
1,3,,,1,,,6.473644691463167,,,
1,6,,,4,,,72.20901117495171,,,
1,7,,,5,,,26.41117195847242,,,
1,23,,,7,,,296.6455229292288,,,
1,4,,,8,,,90.47141853025467,,,
1,8,,,9,,,177.74538687329957,,,
1,10,,,10,,,103.51757466408681,,,
1,22,,,13,,,13.086499977166174,,,
1,18,,,14,,,23.92585833825998,,,
1,59,,,20,,,20.87018057443489,,,
1,64,,,21,,,51.485292372639144,,,
1,75,,,23,,,56.8180704781947,,,
1,81,,,24,,,40.257992431707024,,,
1,87,,,25,,,29.445074660199996,,,
2,8,1,,5,6.092604331332773,,50.28758733766312,44.76309084202522,,
2,9,2,,,6.500038166423717,,,,,
2,20,4,,,5.719902657160353,,,,,
2,21,5,,,2.0172006260248505,,,,,
2,37,6,,,3.4482960600904953,,,,,
2,41,8,,,5.113754686580464,,,,,
2,43,9,,,12.322797777699092,,,,,
2,45,11,,,3.9590591884305852,,,,,
2,49,12,,,3.8513553948562174,,,,,
2,53,13,,,9.04969391655638,,,,,
2,54,14,,,3.1398123230259305,,,,,
2,60,16,17,,6.505330508654231,6.86462554929083,,,,13.127474873221747
2,61,20,,,0.8408458243677724,,,,,
2,63,19,,,4.635128965434804,,,,,
2,75,21,,,7.541907667841796,,,,,
2,76,22,,,3.0777372147158704,,,,,
2,84,23,,26,12.858658615579952,,19.835820819810568,7.166853932906236,,
2,95,27,,,3.467591352442823,,,,,
2,96,31,30,,6.330178813094551,6.752951284047948,,,,13.074975386301759
2,99,32,,35,1.4398662378412281,,6.7208380557045775,8.146878557602909,,
2,108,34,,,6.5392424861817675,,,,,
2,116,37,,,5.794447074677131,,,,,
2,122,38,,43,9.186195924630441,,19.700791881179608,27.379625204478067,,
2,5,,,1,,,31.42866129013949,,,
2,2,,,2,,,33.75794541219976,,,
2,4,,,3,,,25.175002313929557,,,
2,6,,,4,,,10.317689679399598,,,
2,14,,,6,,,20.380582122854708,,,
2,19,,,7,,,19.421005819719127,,,
2,32,,,8,,,13.631533957754737,,,
2,34,,,9,,,13.977719965089024,,,
2,52,,,10,,,16.6276076173721,,,
2,46,,,11,,,14.50698041751395,,,
2,44,,,12,,,33.08795815997708,,,
2,57,,,13,,,15.253978472587677,,,
2,58,,,14,,,16.99712037497438,,,
2,59,,,15,,,18.923411222018597,,,
2,50,,,16,,,48.91878377658073,,,
2,72,,,17,,,26.256276616438576,,,
2,65,,,18,,,10.133551560954139,,,
2,67,,,19,,,34.21493280227154,,,
2,68,,,20,,,30.599797094049094,,,
2,69,,,21,,,36.353244303130346,,,
2,73,,,22,,,31.671787133382924,,,
2,74,,,23,,,77.29607116945505,,,
2,85,,,24,,,25.17902997577692,,,
2,83,,,25,,,18.793697228732647,,,
2,86,,,27,,,8.179965412658522,,,
2,88,,,28,,,32.569711844519226,,,
2,89,,,29,,,23.217687120055373,,,
2,91,,,30,,,37.060523451923515,,,
2,92,,,31,,,21.53841057808137,,,
2,94,,,32,,,23.47066230642301,,,
2,98,,,33,,,33.01970976719931,,,
2,97,,,34,,,29.2480629110969,,,
2,100,,,36,,,23.083600767348383,,,
2,105,,,37,,,37.12752435464851,,,
2,104,,,38,,,33.670896248796396,,,
2,102,,,39,,,31.14159635848942,,,
2,106,,,40,,,12.563730650970077,,,
2,107,,,41,,,16.473395870158022,,,
2,112,,,42,,,25.7883913492631,,,
2,119,,,44,,,33.47385029193104,,,
3,3,1,,,2.7741557145529234,,,,,
3,4,2,,1,3.7720600714857304,,73.44485501666539,76.67703236311934,,
3,14,4,,9,6.151453039224927,,27.91948076218172,30.817053088677355,,
3,21,6,,,0.9319163699347781,,,,,
3,24,7,,11,3.7655170078104665,,19.383226786657254,22.471727274540385,,
3,25,8,,,2.8931109849540064,,,,,
3,36,9,,,6.197425236422161,,,,,
3,52,15,,21,7.722198981394585,,29.448279915055533,31.864912414960557,,
3,53,14,,22,13.396700361872483,,16.54144378067552,4.946952146096214,,
3,66,17,,,2.245889240413283,,,,,
3,74,19,,32,11.752253654008335,,15.701127619806753,25.519275122498588,,
3,84,21,,,4.630931055425845,,,,,
3,87,22,,35,9.316436686581858,,28.554065109013234,36.6482761916648,,
3,97,24,,41,7.738815428399886,,8.438958188997674,1.9092511772667944,,
3,100,27,,,1.2653154593869962,,,,,
3,102,26,,,6.266857367538607,,,,,
3,105,28,,,8.538490385964794,,,,,
3,109,31,,45,8.769499919601808,,20.899697738886477,12.495350697859585,,
3,110,32,29,,4.426321481888411,6.277199799638439,,,,10.035560391659192
3,113,34,,,1.8662509441083168,,,,,
3,114,35,,,4.820957473657785,,,,,
3,116,36,,,4.056325849224333,,,,,
3,117,37,,48,1.251112992249919,,7.951656567578238,7.867933386612514,,
3,118,40,41,,5.958062625988306,7.746536390659155,,,,13.70331308111628
3,120,42,,49,13.597437023888995,,29.020876611209793,41.844123411328624,,
3,123,43,,,1.0380576404670856,,,,,
3,130,45,46,53,8.00134411804191,10.518995680476742,10.527804899985357,12.573384588089274,20.110949116051763,16.819617522633536
3,2,,,2,,,26.55218303790428,,,
3,1,,,3,,,34.35549661907247,,,
3,5,,,4,,,39.49244813677241,,,
3,8,,,5,,,37.78827363673096,,,
3,11,,,6,,,19.726974670031463,,,
3,13,,,7,,,28.34197203212509,,,
3,15,,,8,,,23.934285721282645,,,
3,22,,,10,,,23.234874428978532,,,
3,28,,,12,,,24.303825820791328,,,
3,37,,,13,,,10.01329315054296,,,
3,38,,,14,,,22.919941065441304,,,
3,43,,,15,,,25.22652690836459,,,
3,45,,,16,,,55.47879663090973,,,
3,40,,,17,,,35.91468328556151,,,
3,48,,,18,,,24.528015749351994,,,
3,49,,,19,,,21.198411787812358,,,
3,47,,,20,,,15.313641114722207,,,
3,42,,,23,,,52.84448557621212,,,
3,56,,,24,,,24.584247123583836,,,
3,58,,,25,,,47.63958079198713,,,
3,61,,,26,,,15.521421025672865,,,
3,62,,,27,,,24.707753548860687,,,
3,69,,,28,,,38.24514882096781,,,
3,72,,,29,,,18.31993499147374,,,
3,65,,,30,,,48.52947799343309,,,
3,76,,,31,,,19.254889123801284,,,
3,78,,,33,,,35.667931364180845,,,
3,82,,,34,,,22.050051948196334,,,
3,86,,,36,,,31.202303182947123,,,
3,79,,,37,,,71.270019780114,,,
3,88,,,38,,,70.68704488822289,,,
3,94,,,39,,,16.989813921088913,,,
3,98,,,40,,,39.46562734889084,,,
3,92,,,42,,,57.048871703014754,,,
3,96,,,43,,,21.59015076317828,,,
3,107,,,44,,,39.98454791978715,,,
3,112,,,46,,,10.917636210928494,,,
3,115,,,47,,,16.067141761023187,,,
3,125,,,50,,,9.992508332700085,,,
3,126,,,51,,,43.936058936554616,,,
3,129,,,52,,,20.65007652427234,,,
3,131,,,54,,,53.69637904827654,,,
4,20,12,,,4.809369557884381,,,,,
4,28,15,,12,13.093953254118457,,36.419885725865996,42.529042817601905,,
4,37,17,,,1.8000668314059844,,,,,
4,49,19,,,2.797471267295653,,,,,
4,59,21,,,1.554513032844148,,,,,
4,65,23,25,24,7.0158911333529925,10.758479940974585,28.43918693273527,21.631877519068954,39.18419607298092,17.724173667055123
4,66,24,,,3.988078636109258,,,,,
4,68,26,,,2.127732625648489,,,,,
4,73,27,,30,6.763034458653677,,46.765164244243174,52.20132788041539,,
4,76,28,,,6.259260852588321,,,,,
4,80,29,,,2.013997346384216,,,,,
4,85,30,,,1.9815516991885516,,,,,
4,92,33,,,15.653225012983512,,,,,
4,93,34,,,9.906732919103673,,,,,
4,94,31,,,6.746804130324661,,,,,
4,96,32,,,0.6375180664127934,,,,,
4,100,35,,35,2.7681648146357882,,18.577999440715455,20.878236506173025,,
4,101,36,,,4.19078289305294,,,,,
4,102,37,,,2.3536970931021597,,,,,
4,110,40,,,2.156237263224543,,,,,
4,6,,,1,,,18.445380339552845,,,
4,7,,,2,,,16.26156466983258,,,
4,8,,,3,,,24.297527507651786,,,
4,18,,,4,,,64.33510021902745,,,
4,19,,,5,,,85.40580483463482,,,
4,13,,,6,,,8.714252968808903,,,
4,12,,,7,,,15.503078376256852,,,
4,17,,,8,,,15.094808932651722,,,
4,15,,,9,,,33.159899395917215,,,
4,27,,,10,,,16.656903075639622,,,
4,30,,,11,,,23.02338984303956,,,
4,32,,,13,,,32.08802994774403,,,
4,45,,,14,,,82.02989833550735,,,
4,39,,,15,,,26.538348386870737,,,
4,38,,,16,,,16.78833755274916,,,
4,43,,,17,,,60.744862859453896,,,
4,44,,,18,,,29.70313299235781,,,
4,46,,,19,,,21.211640530083848,,,
4,51,,,20,,,33.069259239181726,,,
4,55,,,21,,,18.735129582816935,,,
4,60,,,22,,,13.167994427082721,,,
4,63,,,23,,,18.69665074310824,,,
4,67,,,25,,,22.68008257247948,,,
4,64,,,26,,,34.40787068713604,,,
4,71,,,27,,,6.988545086628127,,,
4,72,,,28,,,39.62637983753514,,,
4,79,,,29,,,37.71088501051058,,,
4,81,,,31,,,18.736001649830346,,,
4,84,,,32,,,24.007365278649978,,,
4,83,,,33,,,28.814672279813138,,,
4,98,,,34,,,23.68552968018613,,,
4,105,,,36,,,24.16516158203424,,,
4,104,,,37,,,44.40724797327672,,,
5,4,2,,4,12.778539674709085,,11.344844570688153,2.9332129137272687,,
5,13,3,,,1.2146559070369618,,,,,
5,14,4,,,3.290344532645682,,,,,
5,37,10,,,1.2451194703744253,,,,,
5,41,11,,25,15.474272048010729,,12.863348411826824,2.740654349659598,,
5,42,12,,,3.3677578560825716,,,,,
5,63,15,,44,13.25928073078757,,13.471218702843315,24.11103469376477,,
5,81,18,,55,0.6062429171422763,,24.027426593547656,24.189200564447372,,
5,84,19,,,3.699295173646371,,,,,
5,85,21,,,1.109784242990094,,,,,
5,86,22,,,0.365158587885743,,,,,
5,93,24,,,2.645504662276997,,,,,
5,97,25,,,6.203124999999955,,,,,
5,120,26,,67,3.7774593431239345,,69.92155572327792,71.15970181909604,,
5,19,,,1,,,108.80216780145221,,,
5,1,,,2,,,33.15976751134128,,,
5,8,,,3,,,17.796051983322496,,,
5,7,,,5,,,34.991031900696484,,,
5,9,,,6,,,39.781224751135674,,,
5,6,,,7,,,21.041314764111736,,,
5,12,,,8,,,15.33213987830448,,,
5,18,,,9,,,14.498045055289907,,,
5,15,,,10,,,24.23211773511663,,,
5,21,,,11,,,21.993027547624635,,,
5,17,,,12,,,32.000391117766966,,,
5,20,,,13,,,21.40668688153576,,,
5,24,,,14,,,24.890178496028216,,,
5,25,,,15,,,7.8811146217932455,,,
5,26,,,16,,,13.339923272190093,,,
5,28,,,17,,,18.805382923941917,,,
5,32,,,18,,,25.3185692309879,,,
5,31,,,19,,,16.677131635343628,,,
5,35,,,20,,,12.379500783151107,,,
5,39,,,21,,,25.212198480701673,,,
5,36,,,22,,,90.53143661179455,,,
5,38,,,23,,,31.619420355568977,,,
5,40,,,24,,,36.45819717280465,,,
5,43,,,26,,,14.435943100403842,,,
5,45,,,27,,,21.42804323645169,,,
5,46,,,28,,,15.964410194262683,,,
5,48,,,29,,,35.303552094468586,,,
5,47,,,30,,,23.07464450006851,,,
5,50,,,31,,,25.714503224080254,,,
5,49,,,32,,,54.30991701203696,,,
5,54,,,33,,,131.36101828184155,,,
5,51,,,34,,,24.510139072210237,,,
5,52,,,35,,,26.730245625387802,,,
5,57,,,36,,,33.51274259342832,,,
5,55,,,37,,,22.248009222748447,,,
5,59,,,38,,,18.366310003834762,,,
5,58,,,39,,,24.689418933315352,,,
5,56,,,40,,,21.472235462228127,,,
5,62,,,41,,,11.161525300090895,,,
5,64,,,42,,,5.946432859665102,,,
5,60,,,43,,,21.32197129639539,,,
5,66,,,45,,,20.188340602344883,,,
5,67,,,46,,,10.916006754183398,,,
5,71,,,47,,,7.753178590600828,,,
5,73,,,48,,,11.448307413501183,,,
5,90,,,49,,,159.6553152018493,,,
5,72,,,50,,,27.751581737786086,,,
5,77,,,51,,,27.427756485708162,,,
5,74,,,52,,,17.260123653713958,,,
5,79,,,53,,,20.825307099403343,,,
5,80,,,54,,,18.302795464626467,,,
5,91,,,56,,,22.261430914194403,,,
5,105,,,57,,,39.81046348442341,,,
5,101,,,58,,,16.00635405941537,,,
5,96,,,59,,,6.490070073450951,,,
5,102,,,60,,,17.851297324520836,,,
5,104,,,61,,,18.363890480173705,,,
5,98,,,62,,,26.732146576863492,,,
5,113,,,63,,,18.48121541565597,,,
5,119,,,64,,,10.739885982486475,,,
5,117,,,65,,,18.93075414246723,,,
5,122,,,66,,,24.065246786760774,,,
6,2,2,,,2.3364863089978813,,,,,
6,3,3,,,1.0073336370684467,,,,,
6,6,6,,2,0.4420596979928082,,52.858036448717485,53.299541915727815,,
6,9,9,,,4.697477938773806,,,,,
6,10,11,,,3.0575800025353717,,,,,
6,14,13,,,0.3603415090548869,,,,,
6,19,15,,4,0.7168873211926992,,238.32773167704428,238.17677022630173,,
6,23,17,,,1.2691358155597263,,,,,
6,24,18,,14,3.8685678909969283,,18.2924498584012,20.221221302153197,,
6,25,19,,15,2.1280224735320763,,15.222638259855989,15.35638090744612,,
6,28,28,25,,3.037353074325698,3.079674513649281,,,,5.929779703715277
6,29,27,,17,1.492225661121685,,45.38858941255936,43.9311583516572,,
6,34,33,32,,6.210718752333584,10.976256781465388,,,,17.152544274436583
6,35,34,,,1.20862389355553,,,,,
6,36,35,,,4.50074494716327,,,,,
6,39,38,40,25,5.526864834895819,7.6486396402876,151.55167700163614,152.39864482482912,144.3866637905161,8.437931058947775
6,40,37,,,7.122280338255418,,,,,
6,41,39,,20,8.442198916537475,,36.065326681220704,30.15947023099316,,
6,42,41,,,0.8431479360329242,,,,,
6,44,43,42,,6.158483157595539,8.207041928668346,,,,14.349366447870585
6,51,49,48,,3.86884688299173,5.90544686515481,,,,6.279520092376146
6,52,50,,28,1.5197955999958972,,42.71979488069535,41.599631572151914,,
6,53,53,,27,1.9126507148822118,,12.860434659822898,14.769330929147555,,
6,54,51,52,26,8.087347346570226,13.260738322581835,31.95983340398789,25.456457923285402,36.89194594952452,19.689420183041346
6,57,55,,30,1.8020921537397454,,30.835106668039405,30.322431421682982,,
6,60,57,,,7.69078250650769,,,,,
6,62,59,,,0.5194663265639632,,,,,
6,66,60,,,4.027391485305199,,,,,
6,1,,,1,,,26.770403778508282,,,
6,4,,,3,,,311.239885832924,,,
6,20,,,5,,,208.51163847049196,,,
6,8,,,6,,,25.80548390369875,,,
6,7,,,7,,,21.247452205701812,,,
6,13,,,8,,,20.728790362845622,,,
6,11,,,9,,,29.247353919273074,,,
6,17,,,10,,,18.05757740438282,,,
6,15,,,11,,,18.049601910841318,,,
6,21,,,12,,,22.544600691779014,,,
6,18,,,13,,,27.54309070626817,,,
6,27,,,16,,,24.2653510593013,,,
6,33,,,18,,,74.09433538739853,,,
6,30,,,19,,,18.52576449212095,,,
6,43,,,21,,,28.82804604893354,,,
6,48,,,22,,,35.889057119724036,,,
6,49,,,23,,,16.03280026864942,,,
6,47,,,24,,,27.22954218491791,,,
6,56,,,29,,,36.03812473776548,,,
6,59,,,31,,,98.3782049389388,,,
6,61,,,32,,,20.300525376452676,,,
7,1,1,,1,5.061829436722679,,323.59743098960865,320.7016939939861,,
7,2,3,,3,4.115495482970301,,24.786970197432254,28.339705165877945,,
7,14,6,,,3.152964285691817,,,,,
7,18,7,,,1.7327774849933784,,,,,
7,24,8,,,12.617724897544594,,,,,
7,37,9,,,3.2623223190819517,,,,,
7,47,13,,18,4.673579585185036,,20.744125504961545,17.179024503177978,,
7,58,14,,17,14.248537513230307,,54.04306766750119,47.71211263694843,,
7,62,17,,,5.086655753872824,,,,,
7,69,18,,28,10.902843293497623,,22.780227998130545,29.876700313769245,,
7,79,22,,39,1.5782495462284838,,12.224418261176536,12.942333570785912,,
7,89,30,,,6.088968797001761,,,,,
7,96,31,,,1.1154174548812748,,,,,
7,97,32,,,0.7960896705388502,,,,,
7,98,33,,,6.116377889993543,,,,,
7,100,34,,51,2.4915587510783643,,15.44423541285022,13.58066227233067,,
7,5,,,2,,,14.231972205993838,,,
7,13,,,4,,,41.11080694552393,,,
7,3,,,5,,,36.59734062864645,,,
7,9,,,6,,,9.896910573479621,,,
7,15,,,7,,,8.524991179103047,,,
7,29,,,8,,,68.72649547849043,,,
7,26,,,9,,,14.438030842640314,,,
7,38,,,10,,,11.232376216703194,,,
7,34,,,11,,,49.80323369606282,,,
7,52,,,12,,,321.48213284784987,,,
7,48,,,13,,,38.690704159010416,,,
7,45,,,14,,,16.50348974493152,,,
7,49,,,15,,,27.933311885314822,,,
7,59,,,16,,,53.24222955751899,,,
7,54,,,19,,,17.555589351605583,,,
7,55,,,20,,,16.017061105815312,,,
7,57,,,21,,,26.462884952163733,,,
7,60,,,22,,,30.685908931446228,,,
7,61,,,23,,,6.5115792117541185,,,
7,67,,,24,,,10.187156019872209,,,
7,68,,,25,,,37.59462987842701,,,
7,65,,,26,,,21.852868875422743,,,
7,64,,,27,,,39.614610680328646,,,
7,70,,,29,,,17.100519591649242,,,
7,74,,,30,,,31.738808819050238,,,
7,73,,,31,,,21.843450086505154,,,
7,63,,,32,,,107.22323441927352,,,
7,72,,,33,,,56.19062924709194,,,
7,77,,,34,,,26.526207333340857,,,
7,76,,,35,,,30.814167062524618,,,
7,75,,,36,,,22.534982756784586,,,
7,71,,,37,,,155.8310599473013,,,
7,78,,,38,,,20.316283720599277,,,
7,81,,,40,,,29.95345256793461,,,
7,80,,,41,,,30.02202335764483,,,
7,82,,,42,,,22.70938334214219,,,
7,85,,,43,,,144.9112427524268,,,
7,83,,,44,,,52.21622145556215,,,
7,84,,,45,,,26.73324720362142,,,
7,86,,,46,,,23.656803896809905,,,
7,92,,,47,,,20.77048907255039,,,
7,91,,,48,,,66.78083093121377,,,
7,94,,,49,,,22.772004258638397,,,
7,99,,,50,,,14.36956582133624,,,
8,1,1,,28,5.180979632861371,,702.1797082387109,699.0256372571943,,
8,2,2,,31,5.931371786413016,,655.7155209215838,651.7982318941545,,
8,7,7,,16,8.478546452779606,,346.34505883845765,337.99308887165137,,
8,8,3,,2,2.9658796263652127,,18.61534861522327,15.768278517650131,,
8,9,6,9,4,9.33225673732812,15.879896846685739,35.73353155769394,35.9465409167246,34.818399922790704,24.765150106312024
8,11,10,,10,0.28456464883793375,,186.13614103221812,186.36512801248986,,
8,13,11,12,12,2.3157951563312804,9.854652203563553,220.97715130659236,222.6937241438853,217.7820067616601,11.956627083249542
8,14,13,,15,0.4633486651580244,,185.4299702365211,185.8185390870618,,
8,17,15,,11,1.0896316806875586,,80.89595233411133,80.00261555006352,,
8,18,16,17,13,6.811077796334601,10.150210661727773,57.19073224771299,59.933870515175585,48.695612154280646,16.024756362544217
8,19,18,20,14,10.582089964333873,11.241909145775443,12.13442969579669,13.166259475686335,1.8479383196031862,13.80423165785043
8,22,22,,25,0.9878099166861558,,40.697490722652695,39.765171080423286,,
8,23,21,,26,7.919953219637077,,26.67422778523276,32.367164420124084,,
8,24,26,,23,0.06245391063888044,,33.34256605792702,33.3857938267183,,
8,25,31,,21,0.950020887807504,,65.39145011258238,65.42958332766581,,
8,26,30,,36,1.3103041741393746,,35.58092001408213,36.53410600339773,,
8,27,33,,33,2.378184071766202,,14.577649335443713,15.146528041425501,,
8,28,34,,19,0.7512745756959508,,110.32346983868032,110.34182421029715,,
8,29,35,,35,4.784534308904124,,34.07078668088037,30.151106786151324,,
8,30,36,,32,2.8042430188700043,,68.9694803287476,66.30428479329257,,
8,32,41,,38,5.05492515782679,,141.13487442080537,139.59305079867403,,
8,33,40,,39,0.6862608216533644,,40.825400175182914,40.31530540788489,,
8,35,39,42,42,8.331222880595266,11.993666564259453,29.15969447137731,37.34762521219363,30.05089089921966,14.046559797781045
8,36,45,,27,3.815428518409399,,295.387781606297,299.0658097477722,,
8,38,46,,43,1.4359153326292002,,21.5597182064197,22.931339123992338,,
8,4,,,1,,,42.58318712704095,,,
8,6,,,3,,,25.75482062362698,,,
8,10,,,5,,,30.06579408501278,,,
8,12,,,6,,,28.0319392586258,,,
8,16,,,7,,,45.14830670561833,,,
8,15,,,8,,,20.020663308936843,,,
8,40,,,17,,,361.78322608101166,,,
8,3,,,18,,,574.5155613556096,,,
8,5,,,20,,,512.4427844403076,,,
8,21,,,22,,,24.568486467376665,,,
8,20,,,24,,,27.450351928988653,,,
8,37,,,29,,,253.5560232870335,,,
8,39,,,37,,,198.43110658333669,,,
8,31,,,40,,,14.846469495689838,,,
8,34,,,41,,,35.83170718763952,,,
9,1,1,,,2.9367643270089654,,,,,
9,3,3,,1,13.662646781418076,,25.87537105522866,23.74568559467274,,
9,7,7,8,7,6.105389819767053,8.288537265564683,3.8665065458232926,9.638866159633961,4.693290042889069,14.281056567209923
9,9,10,,10,2.5799484622666853,,146.78589909957972,145.8900803877891,,
9,10,9,,15,1.060777448351257,,55.93663681376043,55.19698698661688,,
9,13,12,,13,6.200656784795652,,16.520909894360273,19.23521887615602,,
9,16,14,,14,10.692972260814713,,5.1895513311360455,7.716041226700736,,
9,17,13,,11,2.2982667399210763,,33.04894822538347,33.048138798475314,,
9,18,16,,18,10.211773028746647,,19.048267602876646,11.153274421433844,,
9,21,20,,,8.21112658023337,,,,,
9,22,19,21,,0.9273755755172297,7.374287567391204,,,,8.254665721447449
9,24,22,,,9.449671820550238,,,,,
9,25,23,24,20,5.15447810581199,5.810676136707447,4.381241421090006,9.26293857695521,4.609052369084175,8.468912240012191
9,31,27,,23,5.389032435004882,,26.171522072846162,26.96945331684528,,
9,34,29,,,2.7478329799458168,,,,,
9,38,28,,5,4.175091842606118,,227.27613247709905,231.35543758384574,,
9,42,31,,,0.9994345273798214,,,,,
9,47,32,,,11.85262716002741,,,,,
9,49,34,,,3.977166854515858,,,,,
9,53,35,,,1.3361525126846345,,,,,
9,56,37,,,6.3849769430725445,,,,,
9,59,38,,,13.233153520161242,,,,,
9,66,39,,,2.4308196955312704,,,,,
9,72,40,,,6.0529234041686495,,,,,
9,4,,,2,,,66.48985316152829,,,
9,27,,,3,,,385.3439401213763,,,
9,5,,,4,,,20.141916479817144,,,
9,6,,,6,,,18.353560528744687,,,
9,14,,,8,,,107.01407588462159,,,
9,11,,,9,,,10.706592404364454,,,
9,12,,,12,,,21.599070325993207,,,
9,15,,,16,,,32.813574008373855,,,
9,23,,,17,,,45.86520111001484,,,
9,20,,,19,,,33.854231792776204,,,
9,29,,,21,,,24.990185147512825,,,
9,26,,,22,,,35.674192626284935,,,
9,35,,,24,,,33.42511036417468,,,
9,32,,,25,,,18.98238404497794,,,
9,40,,,26,,,16.222600206158994,,,
9,43,,,27,,,16.503897171765253,,,
9,45,,,28,,,15.54558851548162,,,
9,44,,,29,,,33.8566142429111,,,
9,46,,,30,,,37.38015966766754,,,
9,54,,,31,,,118.43313607285769,,,
9,51,,,32,,,31.4015570153908,,,
9,50,,,33,,,41.30258065978005,,,
9,55,,,34,,,15.015416002900555,,,
9,58,,,35,,,7.92028880077648,,,
10,23,4,,,3.0051499842101888,,,,,
10,28,5,,5,3.8637064225722972,,27.10554932358436,29.04044410283676,,
10,32,6,,,4.7796687123865045,,,,,
10,41,8,,,3.2854900719867794,,,,,
10,73,16,,,3.157195630874902,,,,,
10,5,,,1,,,22.156782933568856,,,
10,17,,,2,,,18.838246529334384,,,
10,13,,,3,,,56.75098576406429,,,
10,24,,,4,,,37.84441223150915,,,
10,20,,,6,,,50.141809323034934,,,
10,15,,,7,,,142.33190859073883,,,
10,31,,,8,,,22.311143840409265,,,
10,30,,,9,,,47.78774209154749,,,
10,39,,,10,,,28.39415008654726,,,
10,36,,,11,,,21.737799528803087,,,
10,38,,,12,,,32.07759586259209,,,
10,42,,,13,,,62.53848622413808,,,
10,43,,,14,,,28.683903995607967,,,
10,45,,,15,,,27.784221287701076,,,
10,46,,,16,,,12.783050617147635,,,
10,47,,,17,,,25.9065883827075,,,
10,57,,,18,,,95.31273445435394,,,
10,51,,,19,,,23.177745280884125,,,
10,52,,,20,,,17.792016819789147,,,
10,55,,,21,,,67.2741232653084,,,
10,61,,,22,,,25.805866527249602,,,
10,62,,,23,,,80.66577494563191,,,
10,60,,,24,,,22.47579529169843,,,
10,65,,,25,,,27.135193058826584,,,
10,58,,,26,,,101.97956782385795,,,
10,63,,,27,,,23.49573284541128,,,
10,67,,,28,,,32.638760747121566,,,
10,64,,,29,,,40.69163310617604,,,
10,69,,,30,,,18.787296974867438,,,
10,70,,,31,,,53.62293510957637,,,
10,85,,,32,,,30.17025041761756,,,
10,82,,,33,,,18.41987426656819,,,
10,88,,,34,,,17.356518858474498,,,
10,94,,,35,,,44.89122997882246,,,
10,93,,,36,,,39.5432013606855,,,
10,84,,,37,,,80.30090771776209,,,
10,95,,,38,,,103.77979874832047,,,
10,96,,,39,,,25.697668405851072,,,
10,90,,,40,,,99.01051603225791,,,
10,99,,,41,,,27.47818478009036,,,
10,98,,,42,,,48.146209635165626,,,
10,92,,,43,,,78.01906007841174,,,
10,100,,,44,,,37.61428381012744,,,
10,104,,,45,,,47.16979472776422,,,
10,106,,,46,,,40.870299918069875,,,
10,105,,,47,,,30.322883159225903,,,
11,13,2,,12,4.704901866347907,,69.40063337878264,73.44109052688265,,
11,96,11,,,1.7602729773640233,,,,,
11,2,,,1,,,34.651259213941096,,,
11,5,,,2,,,18.455749685097643,,,
11,22,,,3,,,211.43955778131325,,,
11,3,,,4,,,74.47011056717314,,,
11,4,,,5,,,101.4809273410064,,,
11,6,,,6,,,45.76154773482058,,,
11,8,,,7,,,26.063171704523807,,,
11,10,,,8,,,17.702018706424283,,,
11,15,,,9,,,25.198803567235096,,,
11,20,,,10,,,13.768082477428003,,,
11,24,,,11,,,15.062658339649687,,,
11,27,,,13,,,35.93189788340116,,,
11,17,,,14,,,54.57970853196757,,,
11,14,,,15,,,85.36632576491135,,,
11,37,,,16,,,33.100179813339835,,,
11,41,,,17,,,13.126546702189334,,,
11,39,,,18,,,30.277045691035003,,,
11,49,,,19,,,13.894782712730423,,,
11,48,,,20,,,25.973448777629194,,,
11,52,,,21,,,29.472504921123168,,,
11,51,,,22,,,53.71865440349546,,,
11,55,,,23,,,23.02595668575822,,,
11,79,,,24,,,17.197456339689957,,,
11,94,,,25,,,54.838928663230725,,,
11,88,,,26,,,13.440227668746658,,,
11,82,,,27,,,74.68221200470514,,,
11,108,,,28,,,40.70314339092997,,,
11,113,,,29,,,26.859691944989244,,,
11,117,,,30,,,36.78446170654415,,,
11,115,,,31,,,55.97933887294316,,,
11,122,,,32,,,17.81126795955931,,,
11,119,,,33,,,32.608305441627714,,,
11,121,,,34,,,24.561245285091182,,,
12,12,2,,,3.780657896633019,,,,,
12,26,7,,,8.671994606393293,,,,,
12,29,9,8,,5.311444963295198,7.4269962760129085,,,,5.100336239118543
12,37,11,,,3.068142059529914,,,,,
12,66,20,,,3.132785917517437,,,,,
12,73,21,,34,1.907536546005891,,258.130331965931,259.06755000357066,,
12,95,27,,,4.594389768227198,,,,,
12,103,29,,33,4.814611317695901,,71.23080730001466,68.07016076037044,,
12,107,31,30,,2.1660768440819282,12.024859794925474,,,,13.505425872701826
12,110,32,,31,0.5264870032597229,,9.925458172288552,9.443609069838338,,
12,1,,,1,,,18.79970465802083,,,
12,2,,,2,,,28.570485951868974,,,
12,4,,,3,,,21.87283375387415,,,
12,3,,,4,,,19.339554051374357,,,
12,6,,,5,,,21.541051147146096,,,
12,13,,,6,,,14.131911869682785,,,
12,18,,,7,,,36.325935842901735,,,
12,16,,,8,,,17.86033998423251,,,
12,10,,,9,,,37.12612521186897,,,
12,11,,,10,,,28.760537184301118,,,
12,19,,,11,,,8.567583472623044,,,
12,15,,,12,,,16.612897874785716,,,
12,23,,,13,,,16.084650258795474,,,
12,20,,,14,,,32.513772407446716,,,
12,24,,,15,,,13.112465745924524,,,
12,27,,,16,,,45.12792135561968,,,
12,50,,,17,,,27.83923197814011,,,
12,47,,,18,,,29.801628473079216,,,
12,56,,,19,,,45.784615821983145,,,
12,55,,,20,,,16.641857290897416,,,
12,58,,,21,,,17.87870800519666,,,
12,61,,,22,,,12.708574632895692,,,
12,64,,,23,,,32.718207992377465,,,
12,81,,,24,,,22.59953114623865,,,
12,93,,,25,,,29.08679033940817,,,
12,90,,,26,,,45.70698495100986,,,
12,100,,,27,,,12.666740268782604,,,
12,105,,,28,,,49.443969064159475,,,
12,91,,,29,,,209.65142840136264,,,
12,104,,,30,,,8.013648850414375,,,
12,76,,,32,,,310.0720481489807,,,
12,112,,,35,,,24.821481850041646,,,
12,45,,,36,,,416.0029885042226,,,
12,68,,,37,,,410.2871351680329,,,
13,5,1,3,2,5.220874506051113,10.055775038672703,18.672695508590348,22.621293943908494,8.835894892355427,14.542478353367503
13,6,2,,,3.1385929983447416,,,,,
13,7,4,,,7.908865749469793,,,,,
13,9,6,,,2.416705729765917,,,,,
13,10,8,,,2.1159281363646327,,,,,
13,11,9,,,4.4566831962232145,,,,,
13,12,10,,,11.107847283718307,,,,,
13,13,11,,,2.8646302220569453,,,,,
13,16,12,13,,3.5426427369160507,7.212036251717107,,,,10.716344753262266
13,17,15,,,7.822847159507083,,,,,
13,18,17,,,4.0144284678964945,,,,,
13,23,19,,7,11.043112422095112,,19.815690819624123,30.82337284396335,,
13,24,21,,13,4.857030366048062,,113.79711034522838,118.00830479250176,,
13,30,27,,12,14.302168340450349,,19.91989097360527,5.831031438421018,,
13,37,29,,,3.9172222302734316,,,,,
13,46,34,,20,0.7666257864374351,,33.434201461743854,33.12081230000676,,
13,48,37,,24,5.923427265863029,,22.896240189070838,17.124068777486272,,
13,54,42,,,6.448206840698996,,,,,
13,55,43,,28,1.2544941750615224,,154.20583360652918,154.8624587027192,,
13,59,44,,,6.438723883404298,,,,,
13,60,46,,,3.0449668716885663,,,,,
13,61,48,47,,4.23122525369802,8.343781809142452,,,,12.550407441308353
13,3,,,1,,,103.99690703453355,,,
13,39,,,3,,,216.4253902522461,,,
13,14,,,4,,,119.76840335085951,,,
13,20,,,5,,,28.401986673501742,,,
13,21,,,6,,,28.315642465598778,,,
13,28,,,8,,,29.87189032736716,,,
13,31,,,9,,,13.810665940663682,,,
13,32,,,10,,,40.63472024217896,,,
13,29,,,11,,,8.849683234367909,,,
13,33,,,14,,,79.75956816305803,,,
13,36,,,15,,,32.55610641870258,,,
13,35,,,16,,,30.585975447042713,,,
13,38,,,17,,,13.800939199061565,,,
13,44,,,18,,,34.45628603524656,,,
13,34,,,19,,,28.548198090912045,,,
13,43,,,21,,,10.92855592704067,,,
13,41,,,22,,,30.86492452217631,,,
13,42,,,23,,,16.967863947281316,,,
13,45,,,25,,,18.06048903813985,,,
13,47,,,26,,,17.237872804416853,,,
13,49,,,27,,,29.832677863589026,,,
13,50,,,29,,,20.352872790092192,,,
13,51,,,30,,,25.408563191982843,,,
13,52,,,31,,,29.172921264062843,,,
13,53,,,32,,,27.258208787216063,,,
13,56,,,33,,,24.387967347139163,,,
13,27,,,34,,,444.45228991849245,,,
13,62,,,35,,,48.56500160569207,,,
14,3,1,,,3.1078877737192463,,,,,
14,16,3,,,1.7967602776974545,,,,,
14,21,6,,,1.897401551613451,,,,,
14,25,8,7,,4.215325231357763,5.644696849904175,,,,6.361415119903907
14,35,10,,,3.1788410428092515,,,,,
14,43,12,,17,1.6088122957845068,,87.82641472385738,89.34404654953876,,
14,45,13,,,7.578019902950562,,,,,
14,46,15,14,20,6.747437991435298,10.183806750563287,17.23380002216178,22.239634041819308,7.109438959161953,15.221261445754045
14,51,19,,23,3.7774269130498572,,60.83483763779495,57.1278888023384,,
14,52,20,,,12.985986721049077,,,,,
14,53,23,21,,6.968956457249403,7.782302197237249,,,,14.629901951214602
14,54,24,,,10.016424345119937,,,,,
14,57,27,,,3.0137404393307103,,,,,
14,58,28,,,2.7610303222172337,,,,,
14,59,30,,,4.316029278555121,,,,,
14,60,29,,,10.068306194864123,,,,,
14,64,31,,,0.7770599963531793,,,,,
14,65,32,,,4.172103315913751,,,,,
14,75,37,,,0.8051705745575111,,,,,
14,78,38,,33,0.7394691811167692,,35.50606573900801,34.9601204775499,,
14,5,,,1,,,29.061829330362418,,,
14,7,,,2,,,23.81393773489448,,,
14,8,,,3,,,24.778353814892125,,,
14,11,,,4,,,38.84449221288688,,,
14,9,,,5,,,15.992694384135707,,,
14,10,,,6,,,41.56218624261953,,,
14,14,,,7,,,29.335058296704453,,,
14,17,,,8,,,29.611303918250965,,,
14,19,,,9,,,50.51290459316945,,,
14,24,,,10,,,14.461316474284615,,,
14,26,,,11,,,16.13856865337275,,,
14,31,,,12,,,20.611693425934313,,,
14,39,,,13,,,32.370240343566174,,,
14,28,,,14,,,58.00668262699522,,,
14,38,,,15,,,80.08497407133237,,,
14,40,,,16,,,43.64122816246415,,,
14,42,,,18,,,22.51668856020843,,,
14,41,,,19,,,24.46691514675803,,,
14,48,,,21,,,11.913928198810392,,,
14,49,,,22,,,29.97619376723089,,,
14,55,,,24,,,23.602733938214673,,,
14,62,,,25,,,16.2087070727621,,,
14,77,,,26,,,196.75881494738599,,,
14,70,,,27,,,29.375071929557595,,,
14,66,,,28,,,28.218528085586815,,,
14,68,,,29,,,23.517556373827063,,,
14,69,,,30,,,55.034163737165045,,,
14,73,,,31,,,34.68032829540218,,,
14,71,,,32,,,163.38910434869084,,,
14,76,,,34,,,26.08099750824091,,,
14,56,,,35,,,267.18261602122266,,,
14,79,,,36,,,3.488047030568813,,,
15,3,2,3,4,4.279078771763344,6.737263017194558,65.87657987000293,66.80567382756921,59.24647584455978,9.15565156368218
15,6,5,6,2,5.185764050645154,5.97799695907625,173.84402062663915,169.73398304405634,179.68755676327606,10.146496384904964
15,16,9,,7,3.6390069619801944,,35.29922876903489,38.50062165692033,,
15,21,11,12,9,7.176029903160266,9.689336406706694,23.30564702653237,21.36448148820975,32.37582453842338,15.814145417782868
15,22,13,,,5.361531238453629,,,,,
15,29,17,19,14,7.369502778653676,9.451608439711842,10.807947530343418,10.637660382135838,20.080739804875535,15.057094837828819
15,30,21,23,15,6.816650162208237,11.837414368082513,14.990904734323268,8.440466701973381,13.494469031586389,11.572160840123844
15,39,26,28,24,3.726439085519187,9.788415521725597,38.82979576209849,35.14367830776966,29.57418896709124,6.58163512497977
15,40,27,,21,6.342765696693472,,31.939580482604196,33.98190695061122,,
15,42,30,,31,9.080839034187662,,28.520230185719416,26.628658329785317,,
15,43,34,32,23,4.780662773083639,8.762616150263755,14.306287199262835,15.804194629946567,7.9659770350821075,8.40544943753239
15,45,36,35,32,4.017480487868839,8.869401813938852,286.74824002374294,287.33584190706944,282.3126600275558,12.669684183293828
15,46,37,,30,3.309748516662536,,209.02927451330007,207.78292655431068,,
15,47,38,,28,0.461602796076789,,335.6386446058643,335.62197277900657,,
15,8,,,1,,,216.75572906075212,,,
15,1,,,3,,,93.30586373499658,,,
15,7,,,5,,,12.67945065222964,,,
15,15,,,6,,,32.00559577819311,,,
15,17,,,8,,,18.275882243167217,,,
15,19,,,10,,,19.27219969596719,,,
15,24,,,11,,,30.452782812011726,,,
15,23,,,12,,,21.62841220161122,,,
15,25,,,13,,,28.706602198388346,,,
15,11,,,16,,,313.26007346502627,,,
15,33,,,17,,,22.182107962051127,,,
15,34,,,18,,,18.913597646040998,,,
15,35,,,19,,,26.346766086704477,,,
15,37,,,20,,,9.839039086115514,,,
15,38,,,22,,,9.269763246140892,,,
15,32,,,25,,,196.15104139976648,,,
15,44,,,26,,,28.66147900542043,,,
15,31,,,27,,,215.23010350912608,,,
15,41,,,29,,,47.40266284529196,,,
15,48,,,33,,,292.07395475034104,,,
15,26,,,34,,,394.2310401755584,,,
16,12,1,2,6,5.387275436045967,7.1070544177789365,34.215427371947584,39.55051372731677,34.180180254384624,9.956683716207287
16,21,5,,10,5.594942095455825,,17.23916422061756,22.70390454503437,,
16,23,8,,,9.040019937262148,,,,,
16,24,7,,,3.620703667675777,,,,,
16,25,9,,,4.554591447386706,,,,,
16,27,10,,12,0.8606464103164915,,82.50954679200737,81.73151383815471,,
16,32,12,13,,3.6733650685774473,9.516133400608377,,,,11.880866898877164
16,33,14,,16,11.170096728709453,,22.41340950319382,31.85278527795129,,
16,36,16,18,,4.735905150831052,5.213152597715506,,,,9.541470717952159
16,37,17,,21,2.2720917050767935,,87.1380645076117,84.89305117208922,,
16,43,21,,23,7.706022280718346,,23.828878516642007,30.91366157530751,,
16,45,22,23,,4.472239563807654,4.578107355461988,,,,8.5076581333279
16,52,26,,,5.211153941568109,,,,,
16,54,28,,27,11.896864773597944,,33.235063990581246,30.457451283642857,,
16,58,32,,,2.8423781637804924,,,,,
16,61,33,,,6.586954929026501,,,,,
16,64,35,,,3.8444854753693085,,,,,
16,66,39,,,11.58146163780622,,,,,
16,7,,,1,,,81.20549354373381,,,
16,2,,,2,,,18.38185226345201,,,
16,6,,,3,,,34.79399073609963,,,
16,10,,,4,,,10.337691728038285,,,
16,13,,,5,,,17.712307750861022,,,
16,19,,,7,,,34.078554536091715,,,
16,22,,,8,,,26.817608909892193,,,
16,15,,,9,,,50.710812238441065,,,
16,30,,,11,,,11.679738448239968,,,
16,29,,,13,,,118.54291309544958,,,
16,31,,,14,,,18.143842579646762,,,
16,34,,,15,,,48.62779435661813,,,
16,35,,,17,,,25.196898639110234,,,
16,38,,,18,,,34.95959622839933,,,
16,39,,,19,,,44.2560376476155,,,
16,40,,,20,,,26.350690944973316,,,
16,41,,,22,,,22.42199061179634,,,
16,50,,,24,,,22.66794243006646,,,
16,51,,,25,,,43.53215783513037,,,
16,48,,,26,,,29.40977059105888,,,
16,57,,,28,,,53.70849801786736,,,
16,62,,,29,,,24.698760766752635,,,
16,63,,,30,,,13.126093543035969,,,
16,65,,,31,,,24.892613118615333,,,
17,27,3,,10,0.2564141029132754,,33.32636009007773,33.52690294490388,,
17,33,4,,5,10.295301685290003,,154.4786046606715,164.76373746572233,,
17,48,6,,16,2.216224460968995,,93.90152454288418,96.11714700738875,,
17,53,7,,,2.1755421153352206,,,,,
17,66,8,,14,1.3588315286876076,,154.14128076347666,153.76381939030983,,
17,68,10,13,26,4.599535374210214,12.872059932414409,71.65354992333795,72.44198760742833,61.27006333567008,11.696046970055724
17,70,9,,,7.985863590771413,,,,,
17,72,14,12,,5.310811984281122,7.62868219881483,,,,11.634015739234489
17,83,15,16,,2.028288887491585,7.976201475027107,,,,9.751813000161734
17,84,17,,,2.733967979859815,,,,,
17,85,18,,,5.125047516791778,,,,,
17,90,20,19,,2.4947883120054946,8.620852322903962,,,,11.085934679708362
17,91,21,,,7.037751042337313,,,,,
17,92,23,,,0.3123952072088352,,,,,
17,93,25,,,5.680729011814179,,,,,
17,94,27,,,7.282939505982879,,,,,
17,95,24,,,12.162573901486244,,,,,
17,98,26,,,0.7855037952248602,,,,,
17,102,28,,33,0.38950348000049095,,16.056798401728948,15.832807251793636,,
17,105,29,,,2.003151102492185,,,,,
17,108,30,,,2.7038295015293947,,,,,
17,109,33,31,,4.9569825828802205,5.331978428761659,,,,10.276307771628401
17,113,37,,,6.622556405351547,,,,,
17,114,35,,,7.452623783332127,,,,,
17,117,40,39,,4.008390852720508,6.138937262886587,,,,8.825566554051926
17,2,,,1,,,22.480480410626335,,,
17,5,,,2,,,19.235321546453896,,,
17,12,,,3,,,8.839255765036812,,,
17,13,,,4,,,22.367759824721063,,,
17,22,,,6,,,32.51253034195149,,,
17,19,,,7,,,24.678569373643935,,,
17,21,,,8,,,24.68425815320445,,,
17,31,,,9,,,69.78969340778661,,,
17,43,,,11,,,13.432617751521375,,,
17,46,,,12,,,17.116181656306768,,,
17,54,,,13,,,150.3392249954371,,,
17,50,,,15,,,7.837450588348188,,,
17,55,,,17,,,12.302582073833438,,,
17,56,,,18,,,16.031879555070308,,,
17,59,,,19,,,11.909506465449638,,,
17,57,,,20,,,20.177723148482094,,,
17,64,,,21,,,25.83269119655502,,,
17,60,,,22,,,18.451697820354354,,,
17,62,,,23,,,22.785962630100144,,,
17,61,,,24,,,81.13612695679207,,,
17,79,,,25,,,20.99779461895138,,,
17,77,,,27,,,13.083189925075512,,,
17,78,,,28,,,47.738839777726206,,,
17,86,,,29,,,49.75316326212814,,,
17,81,,,30,,,30.13027607968498,,,
17,88,,,31,,,16.897956394608713,,,
17,82,,,32,,,32.638634829088645,,,
17,110,,,34,,,10.615947469949614,,,
17,100,,,35,,,65.39776914334497,,,
18,54,4,,,5.000468811664486,,,,,
18,55,3,,6,19.270925522475885,,24.776773719919504,8.2726616594251,,
18,68,9,8,,5.162208310348793,7.846801710152947,,,,11.90798051728337
18,81,12,,25,8.480293008545068,,32.60103626997522,39.14718392534729,,
18,83,11,,,1.6995007369171744,,,,,
18,89,13,14,,4.442477805813387,4.952034471855164,,,,9.390749451419234
18,93,15,,,1.5630205671024648,,,,,
18,105,18,,37,1.3448420919790274,,33.56951519512156,34.388325775612586,,
18,106,19,,36,8.687485074294528,,32.66084531633611,41.21324119745982,,
18,109,20,,,4.578839882673396,,,,,
18,110,21,,35,1.6636343418005792,,90.36923570394298,88.75491679449915,,
18,19,,,1,,,11.691311981866432,,,
18,15,,,2,,,50.60581316654483,,,
18,23,,,3,,,11.112113183195683,,,
18,41,,,4,,,36.9177705538606,,,
18,47,,,5,,,52.26754747934731,,,
18,51,,,7,,,57.32929177686839,,,
18,52,,,8,,,51.36242056806902,,,
18,60,,,9,,,32.63732902441952,,,
18,57,,,10,,,69.4189181321869,,,
18,56,,,11,,,32.28564609615215,,,
18,58,,,12,,,26.9607007244601,,,
18,61,,,13,,,217.53888323005182,,,
18,73,,,14,,,192.3469647276368,,,
18,64,,,15,,,22.330683481747663,,,
18,62,,,16,,,20.48463812243724,,,
18,66,,,17,,,27.483299161896948,,,
18,71,,,18,,,19.614011662436756,,,
18,69,,,19,,,13.591211631467182,,,
18,72,,,20,,,17.029936893789507,,,
18,75,,,21,,,17.338985109618076,,,
18,91,,,22,,,100.1983103564914,,,
18,92,,,23,,,129.63639870309888,,,
18,77,,,24,,,21.14960325665067,,,
18,79,,,26,,,42.145899992115574,,,
18,85,,,27,,,31.606710119895276,,,
18,82,,,28,,,19.37647060446497,,,
18,84,,,29,,,18.651637042823616,,,
18,88,,,30,,,21.47983280706872,,,
18,90,,,31,,,28.038206985601935,,,
18,95,,,32,,,28.92026962912756,,,
18,97,,,33,,,8.265968739960485,,,
18,99,,,34,,,160.61032025453196,,,
19,5,1,,,3.4442075643346612,,,,,
19,12,3,,8,6.063681874284539,,36.23853351921869,39.30076422395761,,
19,28,6,5,,3.1280331287461443,8.862059637753763,,,,10.080971012878669
19,32,7,,,4.821919997176985,,,,,
19,43,9,,,9.305881378073407,,,,,
19,45,10,,,4.823041225967325,,,,,
19,46,11,,,7.859599578850846,,,,,
19,58,13,,19,2.955653353201894,,21.09527298096145,21.15445988059032,,
19,63,14,,22,2.5384500012918743,,45.19965211063843,44.103588395541706,,
19,67,15,,,7.579234224828354,,,,,
19,77,17,,35,9.826962559602404,,9.114837833778045,3.8039859301680825,,
19,80,18,,38,8.617834678724543,,95.23028005493454,88.48543207642197,,
19,82,19,,36,4.664701483559567,,20.228543029019963,21.434466870867087,,
19,84,21,20,,5.62320902559233,6.049356049363709,,,,11.426025193096567
19,88,22,,,7.352444927347474,,,,,
19,93,24,,42,9.506571516980067,,24.852079549133812,15.84069571084455,,
19,95,26,,,3.5352389315792547,,,,,
19,2,,,1,,,22.14371494183027,,,
19,3,,,2,,,8.175103630520601,,,
19,10,,,3,,,75.92071975177952,,,
19,7,,,4,,,55.082781214125696,,,
19,4,,,5,,,7.374021782462843,,,
19,8,,,6,,,24.139704384016643,,,
19,6,,,7,,,23.788835633784796,,,
19,20,,,9,,,21.36353396449252,,,
19,24,,,10,,,15.363354046700856,,,
19,47,,,11,,,77.97752344391859,,,
19,37,,,12,,,14.933533029920364,,,
19,39,,,13,,,16.873336228536814,,,
19,44,,,14,,,29.885773079707647,,,
19,38,,,15,,,67.7031437752976,,,
19,53,,,16,,,24.89146513522978,,,
19,55,,,17,,,110.98117930988964,,,
19,60,,,18,,,17.86627550454894,,,
19,57,,,20,,,20.977738433522084,,,
19,56,,,21,,,48.959802092078874,,,
19,61,,,23,,,69.8222557089804,,,
19,62,,,24,,,22.90982769525818,,,
19,66,,,25,,,16.430519250321392,,,
19,68,,,26,,,114.22120540337436,,,
19,78,,,27,,,72.32903254449535,,,
19,69,,,28,,,46.38426366665908,,,
19,75,,,29,,,16.076189780606366,,,
19,71,,,30,,,21.743818888136076,,,
19,72,,,31,,,25.165786562461395,,,
19,76,,,32,,,84.85890986560233,,,
19,74,,,33,,,24.400076812136287,,,
19,79,,,34,,,18.65272225967225,,,
19,81,,,37,,,36.543038989559726,,,
19,83,,,39,,,27.0046079600249,,,
19,85,,,40,,,23.984735742033784,,,
19,86,,,41,,,32.32360159473577,,,
19,94,,,43,,,21.746319298276173,,,
19,92,,,44,,,25.014507936508046,,,
